{"cameraMode":{"drawMode":0,"name":"Shaded","section":"Shading Mode"},"sceneLighting":true,"audioPlay":false,"sceneViewState":{"showFog":true,"showMaterialUpdate":false,"showSkybox":true,"showFlares":true,"showImageEffects":true,"showParticleSystems":true},"in2DMode":false,"pivot":{"x":-2.1808090209960939,"y":-0.7533049583435059,"z":2.9426591396331789},"rotation":{"x":0.27707695960998537,"y":-0.47789931297302248,"z":0.16193951666355134,"w":0.8176952600479126},"size":20.41617202758789,"orthographic":false}