{"cameraMode":{"drawMode":0,"name":"Shaded","section":"Shading Mode"},"sceneLighting":true,"audioPlay":false,"sceneViewState":{"showFog":true,"showMaterialUpdate":true,"showSkybox":false,"showFlares":true,"showImageEffects":false,"showParticleSystems":true},"in2DMode":false,"pivot":{"x":-0.45576274394989016,"y":1.1088441610336304,"z":-2.493924617767334},"rotation":{"x":0.02376466803252697,"y":-0.8121053576469421,"z":0.03316240385174751,"w":0.5820942521095276},"size":2.734374523162842,"orthographic":false}