{"cameraMode":{"drawMode":0,"name":"Shaded","section":"Shading Mode"},"sceneLighting":false,"audioPlay":false,"sceneViewState":{"showFog":true,"showMaterialUpdate":false,"showSkybox":false,"showFlares":true,"showImageEffects":true,"showParticleSystems":true},"in2DMode":false,"pivot":{"x":-0.7554705142974854,"y":0.6735191345214844,"z":0.1862507164478302},"rotation":{"x":0.09242412447929383,"y":-0.8738818764686585,"z":0.183254674077034,"w":0.4407077729701996},"size":1.2343746423721314,"orthographic":false}