{"cameraMode":{"drawMode":0,"name":"Shaded","section":"Shading Mode"},"sceneLighting":true,"audioPlay":false,"sceneViewState":{"showFog":true,"showMaterialUpdate":false,"showSkybox":true,"showFlares":true,"showImageEffects":true,"showParticleSystems":true},"in2DMode":false,"pivot":{"x":-2.9170608520507814,"y":-1.067002296447754,"z":1.912966251373291},"rotation":{"x":-0.3004332184791565,"y":0.4073159694671631,"z":-0.1439039558172226,"w":-0.850368082523346},"size":8.641493797302246,"orthographic":false}